time(s),area,x,y,v_x,v_y,theta,area,x,y,v_x,v_y,theta
  0.025, 436.0, 319.7, 315.8,   0.0,   0.0,0, 494.0, 616.2, 537.0,   0.0,   0.0,0,
  0.156, 430.0, 340.7, 292.4, 159.7,-177.9,0, 501.0, 615.9, 536.9,  -1.9,  -0.5,0,
  0.221, 448.5, 349.8, 281.3, 139.2,-170.3,0, 498.5, 615.6, 536.8,  -5.0,  -1.9,0,
  0.293, 446.5, 359.4, 267.9, 135.2,-187.5,0, 504.0, 615.9, 537.1,   3.9,   3.5,0,
  0.355, 436.5, 369.3, 255.3, 158.2,-202.0,0, 501.0, 615.8, 537.2,  -1.9,   1.5,0,
  0.421, 452.5, 378.9, 243.3, 145.0,-180.8,0, 491.0, 616.4, 537.0,   9.7,  -2.6,0,
  0.489, 428.5, 389.1, 232.7, 150.7,-156.5,0, 502.0, 615.8, 537.1,  -9.0,   1.2,0,
  0.555, 429.0, 400.3, 222.7, 170.6,-152.0,0, 492.5, 615.4, 536.8,  -5.9,  -4.5,0,
  0.625, 465.0, 413.0, 212.6, 181.0,-144.3,0, 503.0, 615.8, 537.0,   6.1,   3.1,0,
  0.689, 460.0, 426.5, 203.6, 210.3,-140.0,0, 497.0, 615.8, 537.0,  -1.3,  -0.3,0,
  0.755, 422.5, 438.4, 196.9, 180.9,-102.6,0, 490.5, 616.2, 537.0,   7.5,   0.1,0,
  0.821, 445.5, 452.5, 190.7, 212.6, -92.7,0, 504.5, 615.7, 537.4,  -7.6,   5.7,0,
  0.889, 422.5, 467.6, 183.2, 222.0,-110.9,0, 498.0, 616.0, 537.2,   3.4,  -1.8,0,
  0.958, 437.5, 482.3, 179.6, 213.4, -52.5,0, 499.0, 615.8, 536.9,  -2.5,  -4.6,0,
  1.021, 446.5, 497.7, 176.9, 243.5, -42.6,0, 500.5, 615.7, 537.1,  -0.9,   3.4,0,
  1.089, 401.5, 511.4, 176.2, 202.2,  -9.6,0, 501.5, 615.7, 537.2,   0.0,   0.9,0,
  1.188, 416.0, 532.9, 173.5, 217.6, -27.9,0, 493.0, 615.9, 537.2,   1.5,   0.5,0,
  1.292, 428.0, 554.8, 176.0, 209.2,  23.7,0, 501.5, 616.1, 537.1,   1.6,  -1.6,0,
  1.355, 429.0, 564.7, 176.5, 158.5,   7.9,0, 508.5, 615.7, 537.3,  -5.7,   4.2,0,
  1.458, 447.0, 572.2, 178.6,  73.3,  20.5,0, 494.0, 616.6, 537.3,   8.3,  -0.2,0,
  1.521, 438.0, 576.5, 178.7,  67.9,   1.5,0, 493.0, 616.1, 536.8,  -7.3,  -8.8,0,
  1.588, 439.0, 580.3, 178.5,  56.1,  -2.0,0, 491.0, 616.6, 537.5,   7.3,  11.7,0,
  1.655, 426.5, 583.4, 179.1,  47.2,   9.2,0, 502.5, 616.1, 537.4,  -7.7,  -1.3,0,
  1.721, 444.0, 587.6, 179.5,  63.6,   5.8,0, 494.5, 616.0, 537.2,  -1.3,  -3.6,0,
  1.791, 433.5, 590.5, 179.3,  40.6,  -3.3,0, 493.0, 616.3, 537.3,   4.9,   0.8,0,
  1.855, 445.5, 594.7, 180.6,  66.8,  20.3,0, 507.0, 616.0, 537.3,  -5.0,   1.2,0,
  1.921, 425.0, 599.1, 181.2,  66.4,   8.9,0, 500.5, 615.8, 537.0,  -3.3,  -5.7,0,
  1.988, 398.5, 605.4, 182.9,  94.6,  26.4,0, 497.0, 616.4, 537.4,   8.4,   6.0,0,
  2.054, 429.0, 611.4, 184.1,  88.6,  17.3,0, 500.5, 616.1, 537.2,  -3.3,  -2.1,0,
  2.125, 443.0, 619.1, 185.0, 110.0,  13.2,0, 507.0, 616.0, 537.3,  -1.8,   1.2,0,
  2.188, 452.5, 625.9, 186.7, 107.3,  27.0,0, 499.0, 616.4, 537.4,   5.9,   1.0,0,
  2.254, 433.5, 633.4, 189.6, 113.9,  43.6,0, 497.5, 616.4, 537.5,   0.0,   1.8,0,
  2.321, 429.0, 640.5, 191.6, 106.7,  30.3,0, 499.5, 616.2, 537.4,  -2.6,  -1.5,0,
  2.388, 447.5, 647.8, 194.7, 109.3,  46.2,0, 502.0, 615.8, 537.3,  -5.5,  -0.5,0,
  2.458, 426.0, 654.2, 197.4,  89.7,  38.3,0, 508.0, 616.1, 537.3,   3.4,  -0.4,0,
  2.521, 432.0, 662.5, 200.5, 132.4,  49.4,0, 508.0, 616.0, 537.4,  -1.1,   0.8,0,
  2.588, 469.5, 670.7, 204.9, 123.3,  65.2,0, 500.0, 616.0, 537.4,   0.5,   0.7,0,
  2.654, 454.5, 679.3, 210.5, 128.5,  83.9,0, 501.0, 616.2, 537.5,   1.9,   0.8,0,
  2.721, 442.0, 687.6, 216.8, 124.5,  95.5,0, 499.0, 616.1, 537.5,  -1.7,  -0.2,0,
  2.791, 469.0, 695.6, 222.7, 114.9,  83.0,0, 494.5, 616.0, 537.3,  -1.0,  -2.2,0,
  2.854, 450.5, 704.0, 230.5, 132.0, 124.2,0, 506.0, 615.9, 537.4,  -1.3,   2.2,0,
  2.921, 454.0, 713.2, 239.0, 138.3, 127.9,0, 495.0, 615.9, 537.5,  -0.7,   0.5,0,
  2.989, 453.5, 722.3, 247.4, 135.2, 124.3,0, 494.5, 616.4, 537.4,   8.2,  -0.9,0,
  3.054, 413.5, 730.5, 256.9, 125.1, 144.4,0, 507.0, 615.7, 537.5, -11.6,   0.6,0,
  3.124, 447.5, 735.7, 267.0,  73.2, 143.7,0, 503.0, 616.1, 537.4,   5.8,  -0.6,0,
  3.188, 453.0, 742.5, 276.7, 108.3, 153.0,0, 490.5, 616.1, 537.6,   1.2,   3.7,0,
  3.254, 469.0, 747.5, 286.8,  75.3, 152.8,0, 499.5, 616.1, 537.4,  -1.0,  -3.9,0,
  3.321, 448.5, 753.2, 297.0,  85.6, 152.5,0, 497.0, 616.1, 537.5,   0.4,   2.1,0,
  3.388, 448.5, 757.3, 307.5,  60.1, 154.6,0, 511.0, 615.8, 537.4,  -3.8,  -2.2,0,
  3.458, 448.5, 761.7, 320.5,  64.0, 188.9,0, 510.0, 616.1, 537.4,   4.1,   0.5,0,
  3.521, 438.0, 764.3, 329.4,  41.0, 140.2,0, 495.5, 615.6, 537.3,  -7.7,  -1.3,0,
  3.588, 417.0, 766.6, 341.4,  33.6, 178.4,0, 506.0, 616.0, 537.3,   5.9,  -0.2,0,
  3.654, 429.0, 769.1, 352.7,  37.8, 171.1,0, 503.5, 616.2, 537.4,   2.5,   1.4,0,
  3.721, 417.0, 770.1, 365.1,  15.8, 187.2,0, 502.5, 616.2, 537.4,  -0.7,  -0.5,0,
  3.791, 406.5, 770.6, 376.2,   6.1, 157.3,0, 510.0, 615.8, 537.4,  -4.6,  -0.2,0,
  3.854, 409.5, 769.7, 387.5, -13.1, 179.0,0, 514.0, 615.9, 537.5,   0.4,   1.4,0,
  3.921, 405.0, 768.4, 400.9, -20.4, 201.4,0, 505.5, 615.9, 537.6,   0.9,   2.7,0,
  3.987, 447.5, 766.6, 410.5, -27.1, 143.7,0, 504.5, 616.0, 537.7,   1.1,   0.2,0,
  4.054, 408.5, 765.6, 421.8, -14.6, 170.0,0, 508.0, 616.1, 537.5,   1.0,  -2.4,0,
  4.124, 385.5, 762.1, 434.5, -49.3, 181.0,0, 503.5, 615.6, 537.5,  -6.0,  -0.0,0,
  4.188, 418.0, 757.5, 444.7, -73.5, 161.4,0, 503.5, 615.6, 537.5,  -0.3,   0.3,0,
  4.254, 460.0, 753.6, 454.0, -58.2, 139.6,0, 503.5, 616.1, 537.5,   6.6,   0.1,0,
  4.321, 431.5, 748.5, 465.3, -76.4, 169.7,0, 499.0, 616.2, 537.6,   2.4,   1.5,0,
  4.387, 442.5, 742.7, 474.6, -87.9, 138.5,0, 507.0, 616.1, 537.5,  -1.4,  -1.1,0,
  4.458, 423.0, 737.4, 484.7, -74.7, 145.1,0, 509.0, 615.9, 537.6,  -2.9,   0.5,0,
  4.521, 428.5, 729.7, 494.4,-122.8, 152.4,0, 505.5, 615.8, 537.6,  -1.7,   0.1,0,
  4.587, 469.5, 723.7, 502.4, -89.6, 121.2,0, 495.0, 616.0, 537.5,   3.0,  -1.3,0,
  4.654, 438.0, 716.0, 512.3,-115.1, 147.8,0, 506.0, 616.0, 537.6,  -0.7,   2.2,0,
  4.721, 434.0, 709.0, 520.8,-104.9, 127.4,0, 502.5, 616.4, 537.5,   6.5,  -1.7,0,
  4.791, 459.5, 702.4, 530.1, -94.4, 133.6,0, 503.5, 615.8, 537.4,  -8.0,  -1.9,0,
  4.854, 461.5, 695.4, 539.6,-110.6, 149.6,0, 502.5, 616.0, 537.5,   2.4,   1.3,0,
  4.921, 423.5, 689.7, 547.9, -85.9, 124.2,0, 507.5, 615.9, 537.5,  -1.5,   1.0,0,
  4.987, 448.0, 683.9, 556.9, -86.2, 135.1,0, 507.0, 616.1, 537.5,   3.0,  -0.4,0,
  5.054, 412.5, 678.9, 565.5, -75.4, 129.4,0, 493.0, 616.3, 537.2,   2.6,  -4.2,0,
  5.124, 413.0, 674.4, 575.5, -64.8, 142.7,0, 502.5, 615.7, 537.3,  -8.2,   1.1,0,
  5.187, 420.5, 667.9, 585.7,-102.7, 160.0,0, 508.0, 615.9, 537.4,   3.5,   1.8,0,
  5.254, 395.5, 663.4, 594.5, -67.0, 132.8,0, 504.0, 616.1, 537.5,   3.4,   1.5,0,
  5.320, 418.5, 657.5, 605.3, -88.6, 161.9,0, 507.5, 615.9, 537.5,  -3.9,  -0.9,0,
  5.387, 409.0, 653.8, 614.1, -56.0, 131.7,0, 505.0, 615.8, 537.6,  -1.1,   2.3,0,
  5.457, 412.5, 649.1, 624.0, -66.8, 141.6,0, 507.5, 615.9, 537.6,   0.9,  -0.8,0,
  5.520, 439.0, 643.7, 632.6, -85.9, 136.2,0, 510.5, 615.9, 537.5,   0.4,  -0.6,0,
  5.587, 419.0, 637.8, 641.2, -87.3, 128.7,0, 498.0, 616.4, 537.4,   8.0,  -1.2,0,
  5.654, 463.5, 631.2, 648.3, -99.8, 106.4,0, 503.0, 615.6, 537.3, -11.8,  -2.5,0,
  5.720, 472.5, 624.3, 655.7,-104.0, 111.3,0, 503.0, 615.9, 537.5,   4.2,   4.0,0,
  5.791, 442.5, 615.1, 662.2,-130.4,  93.0,0, 504.5, 616.1, 537.5,   2.1,  -0.9,0,
  5.854, 470.0, 606.6, 669.7,-134.5, 118.3,0, 499.5, 616.1, 537.4,   0.8,  -0.7,0,
  5.921, 463.5, 599.3, 674.2,-108.7,  67.3,0, 503.5, 616.1, 537.3,  -0.6,  -2.4,0,
  5.987, 456.0, 589.4, 680.3,-150.1,  91.3,0, 507.0, 616.1, 537.5,   0.9,   3.9,0,
  6.054, 462.5, 579.7, 684.2,-144.9,  60.1,0, 505.5, 616.2, 537.6,   1.3,   0.3,0,
  6.124, 465.0, 569.8, 688.3,-141.7,  57.7,0, 504.5, 616.3, 537.5,   1.3,  -0.5,0,
  6.187, 467.5, 560.5, 691.0,-146.9,  43.3,0, 498.5, 616.2, 537.5,  -1.5,   0.2,0,
  6.254, 450.5, 550.4, 693.3,-151.7,  33.3,0, 510.0, 615.9, 537.4,  -5.4,  -2.2,0,
  6.320, 462.5, 539.5, 693.9,-164.3,   9.4,0, 503.0, 616.0, 537.5,   1.9,   1.5,0,
  6.387, 420.0, 525.9, 693.9,-203.2,  -0.0,0, 507.0, 616.0, 537.5,   0.1,  -0.3,0,
  6.457, 440.5, 513.9, 693.3,-170.7,  -7.8,0, 506.5, 615.8, 537.3,  -2.1,  -2.5,0,
  6.521, 450.5, 501.5, 690.3,-193.8, -46.4,0, 509.0, 615.9, 537.4,   0.4,   1.9,0,
  6.587, 422.0, 489.3, 687.1,-185.1, -50.0,0, 507.5, 616.1, 537.4,   4.0,   0.6,0,
  6.653, 446.0, 476.9, 682.4,-186.3, -70.5,0, 506.5, 616.1, 537.4,  -0.2,  -0.4,0,
  6.720, 438.0, 463.8, 676.7,-197.8, -85.0,0, 494.0, 616.5, 537.6,   5.1,   3.3,0,
  6.790, 461.5, 445.1, 663.0,-266.0,-194.9,0, 499.5, 616.1, 537.4,  -5.8,  -3.9,0,
  6.854, 453.0, 425.8, 643.9,-305.4,-302.9,0, 507.5, 615.9, 537.5,  -2.9,   1.7,0,
  6.920, 446.0, 410.8, 620.7,-224.3,-347.5,0, 503.5, 616.2, 537.5,   5.6,   0.7,0,
  6.987, 415.0, 400.1, 593.7,-160.2,-405.4,0, 512.0, 616.0, 537.5,  -2.9,   0.2,0,
  7.053, 435.5, 395.7, 567.7, -66.9,-390.2,0, 507.5, 616.1, 537.4,   0.8,  -1.2,0,
  7.124, 409.5, 396.4, 539.3,   9.6,-405.4,0, 508.0, 615.9, 537.5,  -3.3,   1.4,0,
  7.187, 373.0, 404.6, 510.3, 130.7,-458.2,0, 501.0, 615.8, 537.3,  -1.0,  -3.7,0,
  7.253, 375.0, 413.5, 484.6, 132.7,-385.7,0, 499.5, 615.8, 537.5,  -0.0,   2.8,0,
  7.320, 421.5, 430.9, 461.3, 261.1,-349.2,0, 500.5, 616.1, 537.5,   4.6,   0.0,0,
  7.387, 401.5, 452.0, 441.1, 316.0,-303.2,0, 505.5, 615.9, 537.6,  -3.3,   2.1,0,
  7.457, 403.5, 473.5, 426.2, 306.1,-211.3,0, 512.0, 615.7, 537.5,  -2.4,  -1.8,0,
  7.520, 406.5, 501.6, 415.0, 445.5,-177.4,0, 501.5, 615.9, 537.6,   3.5,   1.9,0,
  7.587, 408.5, 528.2, 409.4, 399.2, -84.5,0, 499.0, 615.8, 537.5,  -1.7,  -2.0,0,
  7.653, 379.0, 556.7, 409.0, 427.7,  -6.4,0, 500.5, 615.8, 537.5,  -0.1,   0.2,0,
  7.720, 384.0, 584.7, 414.0, 421.9,  75.0,0, 504.0, 616.2, 537.4,   5.9,  -1.6,0,
  7.790, 398.0, 609.9, 423.2, 358.3, 131.1,0, 511.0, 615.7, 537.6,  -7.3,   2.1,0,
  7.853, 391.0, 632.7, 436.7, 359.4, 213.1,0, 512.5, 616.0, 537.4,   4.0,  -2.0,0,
  7.920, 437.5, 652.3, 454.4, 295.3, 266.2,0, 502.5, 615.7, 537.7,  -4.4,   3.4,0,
  7.987, 442.5, 668.3, 476.3, 239.9, 327.9,0, 513.0, 616.0, 537.6,   4.6,  -1.4,0,
  8.053, 449.5, 681.2, 501.2, 194.0, 375.1,0, 509.0, 615.9, 537.4,  -1.7,  -3.1,0,
  8.123, 429.5, 687.6, 529.7,  91.4, 406.4,0, 509.0, 616.3, 537.6,   6.3,   3.5,0,
  8.187, 448.0, 689.4, 554.8,  28.2, 395.4,0, 506.5, 616.1, 537.6,  -3.5,  -0.3,0,
  8.253, 371.5, 686.7, 582.2, -40.5, 412.9,0, 500.0, 616.1, 537.5,   1.1,  -0.9,0,
  8.320, 348.5, 680.1, 611.8, -98.8, 443.3,0, 503.0, 616.0, 537.5,  -1.6,   0.3,0,
  8.387, 429.0, 668.1, 633.7,-181.0, 329.4,0, 506.5, 616.1, 537.5,   0.2,  -0.4,0,
  8.457, 436.5, 650.4, 655.8,-252.8, 315.0,0, 511.5, 616.1, 537.5,  -0.1,  -0.7,0,
  8.520, 454.5, 629.4, 673.8,-331.1, 284.7,0, 509.5, 615.9, 537.5,  -1.8,   0.9,0,
  8.587, 456.0, 606.2, 687.2,-347.8, 200.9,0, 508.0, 615.9, 537.5,  -1.2,  -0.7,0,
  8.653, 459.5, 579.1, 694.9,-407.0, 115.8,0, 504.0, 616.0, 537.5,   2.6,   0.3,0,
  8.720, 466.0, 551.7, 697.7,-412.3,  41.6,0, 501.0, 616.1, 537.5,   1.2,  -0.4,0,
  8.790, 429.5, 524.3, 694.8,-389.2, -41.3,0, 511.0, 616.0, 537.4,  -1.9,  -1.2,0,
  8.854, 398.5, 496.8, 685.4,-430.6,-146.4,0, 507.0, 616.1, 537.5,   2.4,   1.1,0,
  8.920, 397.5, 473.9, 673.3,-348.4,-183.7,0, 494.5, 616.0, 537.7,  -1.5,   3.4,0,
  8.987, 451.5, 450.8, 653.8,-346.1,-292.4,0, 504.5, 615.7, 537.5,  -5.3,  -2.1,0,
  9.053, 422.0, 431.9, 630.3,-284.0,-354.1,0, 501.5, 616.6, 537.6,  13.2,   0.3,0,
  9.123, 430.0, 421.4, 604.2,-149.6,-370.9,0, 503.5, 615.9, 537.4,  -9.0,  -1.7,0,
  9.187, 404.0, 414.3, 576.2,-111.6,-441.8,0, 510.0, 615.8, 537.4,  -2.3,  -0.6,0,
  9.253, 388.5, 414.8, 548.0,   7.1,-425.8,0, 506.5, 615.7, 537.5,  -1.7,   1.2,0,
  9.320, 377.0, 421.0, 520.1,  94.2,-417.2,0, 503.5, 616.1, 537.5,   7.2,   0.5,0,
  9.386, 373.5, 429.8, 492.4, 131.5,-415.8,0, 506.5, 615.9, 537.2,  -3.1,  -4.7,0,
  9.457, 393.0, 444.8, 468.9, 212.2,-331.2,0, 511.0, 616.2, 537.3,   3.2,   1.7,0,
  9.520, 403.5, 464.8, 447.6, 319.2,-342.0,0, 508.5, 616.1, 537.5,  -0.9,   2.9,0,
  9.586, 431.0, 486.1, 431.0, 319.2,-248.3,0, 506.0, 615.7, 537.5,  -5.4,  -0.0,0,
  9.653, 401.0, 511.8, 417.8, 387.1,-198.1,0, 508.0, 615.6, 537.4,  -2.2,  -0.9,0,
  9.720, 410.0, 541.1, 408.9, 439.8,-134.7,0, 506.5, 616.1, 537.4,   6.9,  -0.9,0,
  9.790, 380.0, 571.2, 406.4, 428.1, -35.3,0, 511.5, 615.9, 537.5,  -2.2,   1.0,0,
  9.853, 368.0, 597.4, 408.6, 415.0,  35.0,0, 513.0, 615.9, 537.5,  -0.5,   0.9,0,
  9.920, 383.5, 625.3, 416.4, 419.8, 118.0,0, 511.0, 616.0, 537.5,   1.8,   0.1,0,
  9.986, 418.5, 649.7, 429.3, 364.3, 192.2,0, 506.0, 616.2, 537.6,   3.6,   1.4,0,
 10.053, 391.0, 670.7, 446.9, 316.7, 265.6,0, 512.0, 616.1, 537.5,  -1.5,  -2.3,0,
 10.123, 443.5, 687.6, 465.7, 240.8, 267.4,0, 509.5, 615.9, 537.5,  -2.8,   0.5,0,
 10.186, 428.5, 701.0, 490.5, 211.6, 391.9,0, 511.0, 615.8, 537.5,  -2.1,  -0.0,0,
 10.253, 438.5, 709.8, 516.1, 132.5, 385.2,0, 504.5, 616.2, 537.6,   5.6,   2.0,0,
 10.319, 408.5, 712.6, 544.4,  41.8, 424.3,0, 504.5, 616.0, 537.4,  -2.6,  -2.9,0,
 10.386, 422.5, 711.0, 570.0, -24.4, 383.4,0, 500.5, 616.5, 537.4,   6.7,  -0.1,0,
 10.456, 387.5, 705.1, 596.0, -84.8, 371.6,0, 512.5, 616.0, 537.5,  -6.3,   0.8,0,
 10.519, 400.5, 693.2, 624.5,-187.4, 450.6,0, 508.0, 616.1, 537.5,   1.4,  -0.2,0,
 10.586, 439.0, 675.3, 644.0,-268.7, 292.1,0, 507.0, 616.0, 537.5,  -2.1,   0.7,0,
 10.653, 429.0, 654.7, 661.5,-309.6, 262.7,0, 507.5, 615.8, 537.5,  -2.3,   0.1,0,
 10.719, 457.5, 628.2, 675.4,-397.8, 209.3,0, 503.0, 616.2, 537.5,   6.4,   0.1,0,
 10.790, 463.5, 602.5, 682.6,-366.1, 102.2,0, 508.0, 616.0, 537.5,  -3.7,  -0.4,0,
 10.853, 428.5, 573.8, 683.2,-453.9,   9.0,0, 499.0, 616.2, 537.6,   4.2,   1.0,0,
 10.919, 439.0, 548.0, 679.6,-386.6, -54.5,0, 511.0, 615.9, 537.5,  -4.5,  -1.6,0,
 10.986, 449.0, 521.8, 670.5,-393.6,-136.2,0, 508.0, 616.1, 537.5,   2.8,   0.1,0,
 11.053, 428.5, 496.8, 657.2,-375.9,-199.3,0, 491.5, 616.6, 537.7,   7.4,   4.0,0,
 11.123, 440.5, 473.5, 640.9,-331.2,-232.0,0, 508.5, 616.1, 537.5,  -7.6,  -3.6,0,
 11.186, 451.5, 451.7, 621.5,-344.1,-306.6,0, 508.5, 616.1, 537.4,   0.2,  -1.7,0,
 11.253, 406.5, 433.6, 598.0,-272.2,-353.0,0, 504.5, 616.1, 537.5,  -0.4,   2.1,0,
 11.319, 424.0, 419.9, 574.4,-205.9,-355.1,0, 510.5, 615.8, 537.5,  -4.5,  -0.0,0,
 11.386, 431.0, 406.7, 548.0,-196.8,-395.0,0, 501.0, 615.8, 537.6,   0.9,   1.6,0,
 11.456, 432.5, 394.2, 520.5,-179.9,-392.6,0, 507.0, 616.1, 537.5,   3.4,  -1.2,0,
 11.519, 421.0, 385.3, 492.4,-140.0,-444.2,0, 509.5, 616.0, 537.6,  -1.1,   0.7,0,
 11.586, 417.5, 378.4, 462.9,-102.9,-441.7,0, 509.0, 615.8, 537.4,  -3.4,  -2.3,0,
 11.653, 411.5, 375.5, 437.5, -44.9,-383.2,0, 507.5, 616.0, 537.6,   2.9,   3.2,0,
 11.719, 398.0, 372.5, 416.9, -45.0,-307.8,0, 504.5, 615.8, 537.4,  -2.4,  -3.4,0,
 11.789, 402.0, 371.0, 407.8, -20.7,-130.7,0, 512.0, 616.0, 537.5,   3.3,   1.5,0,
 11.853, 409.0, 370.7, 405.3,  -4.8, -39.2,0, 509.0, 616.1, 537.5,   1.5,   0.1,0,
 11.919, 396.0, 369.9, 400.5, -12.7, -71.5,0, 511.0, 616.0, 537.5,  -2.5,  -0.6,0,
 11.986, 404.0, 370.1, 400.6,   4.0,   0.4,0, 508.5, 615.9, 537.3,  -0.9,  -2.1,0,
 12.052, 432.5, 370.2, 398.0,   1.0, -38.0,0, 503.5, 615.9, 537.5,   0.1,   2.7,0,
 12.123, 413.5, 370.0, 393.2,  -3.3, -68.2,0, 504.0, 616.1, 537.7,   2.6,   1.9,0,
 12.186, 416.0, 369.4, 393.2,  -8.5,  -1.3,0, 512.5, 616.0, 537.4,  -2.0,  -3.7,0,
 12.252, 400.5, 369.5, 392.4,   0.7, -11.1,0, 504.0, 616.1, 537.5,   1.8,   1.0,0,
 12.319, 418.5, 369.5, 389.7,   0.6, -40.4,0, 507.5, 615.8, 537.6,  -4.8,   1.8,0,
 12.387, 412.0, 368.8, 386.1, -10.2, -53.6,0, 512.0, 616.0, 537.4,   3.3,  -2.8,0,
 12.487, 398.5, 369.0, 384.8,   2.0, -12.7,0, 508.5, 615.7, 537.6,  -3.2,   1.5,0,
 12.552, 401.0, 368.4, 383.7, -10.1, -17.0,0, 505.0, 616.1, 537.5,   7.3,  -1.0,0,
 12.622, 409.0, 368.9, 384.3,   8.2,   7.8,0, 509.5, 615.9, 537.5,  -2.9,   0.3,0,
 12.687, 415.0, 369.3, 384.0,   6.4,  -4.0,0, 504.5, 615.7, 537.6,  -3.8,   0.6,0,
 12.752, 403.5, 368.7, 384.1,  -9.2,   2.1,0, 509.0, 616.1, 537.5,   5.6,  -1.4,0,
 12.819, 405.5, 368.7, 384.2,  -0.6,   0.3,0, 510.0, 615.8, 537.5,  -4.0,   1.2,0,
 12.887, 407.0, 369.0, 384.4,   5.0,   3.5,0, 505.5, 615.5, 537.6,  -3.8,   1.1,0,
 12.956, 412.5, 368.8, 383.9,  -3.0,  -6.5,0, 504.5, 616.0, 537.5,   6.2,  -2.4,0,
 13.019, 398.5, 369.4, 383.8,   8.8,  -1.8,0, 510.0, 615.8, 537.5,  -3.0,   1.4,0,
 13.087, 408.0, 369.1, 384.5,  -4.8,  10.5,0, 506.5, 615.8, 537.5,   0.8,  -0.9,0,
 13.152, 383.5, 369.1, 385.4,  -0.1,  12.9,0, 508.5, 615.7, 537.6,  -1.7,   2.2,0,
 13.219, 395.0, 369.8, 392.1,  11.4, 100.6,0, 504.0, 615.7, 537.3,  -0.7,  -4.9,0,
 13.290, 388.0, 371.7, 395.4,  26.1,  46.1,0, 503.0, 615.8, 537.5,   1.6,   3.1,0,
 13.352, 390.5, 374.4, 404.8,  44.0, 151.3,0, 501.5, 616.2, 537.5,   6.4,  -0.1,0,
 13.419, 386.5, 375.3, 414.0,  13.5, 138.5,0, 508.5, 615.8, 537.4,  -5.7,  -2.0,0,
 13.487, 390.0, 375.1, 425.3,  -3.5, 166.9,0, 506.5, 615.9, 537.5,   2.0,   1.7,0,
 13.552, 384.5, 372.9, 437.5, -33.4, 185.6,0, 504.0, 615.7, 537.6,  -4.0,   1.4,0,
 13.622, 388.5, 370.4, 449.9, -34.7, 177.8,0, 512.0, 615.7, 537.4,   0.5,  -2.4,0,
 13.687, 402.0, 366.4, 462.3, -62.7, 191.5,0, 508.5, 616.1, 537.5,   5.9,   1.0,0,
 13.752, 403.0, 362.7, 472.2, -57.1, 151.3,0, 510.5, 615.8, 537.5,  -4.8,   0.3,0,
 13.819, 412.0, 356.7, 483.9, -89.6, 175.5,0, 510.0, 615.8, 537.6,   0.3,   0.7,0,
 13.886, 412.0, 350.9, 494.7, -85.5, 160.3,0, 507.5, 615.8, 537.5,   0.5,  -0.2,0,
 13.956, 408.5, 343.9, 504.2,-101.9, 136.8,0, 505.0, 616.0, 537.6,   1.9,   0.1,0,
 14.019, 419.5, 336.4, 512.8,-117.5, 135.6,0, 507.5, 615.8, 537.5,  -2.0,  -0.5,0,
 14.086, 419.0, 326.6, 523.2,-146.2, 154.4,0, 507.5, 615.8, 537.5,  -0.4,  -0.1,0,
 14.152, 429.5, 316.9, 531.6,-147.1, 127.3,0, 502.0, 615.7, 537.7,  -1.0,   2.9,0,
 14.219, 429.5, 308.4, 537.1,-127.4,  82.7,0, 502.5, 615.7, 537.7,  -0.9,  -0.9,0,
 14.290, 413.5, 297.3, 543.9,-155.4,  95.5,0, 333.0, 307.0, 542.5,-4336.0,  68.6,0,
 14.352, 416.0, 286.2, 550.1,-179.3,  99.8,0, 506.5, 615.8, 537.5,4957.6, -80.2,0,
 14.419, 456.0, 275.3, 555.0,-164.2,  73.5,0, 506.0, 616.4, 537.6,   8.8,   0.6,0,
 14.494, 438.5, 262.7, 557.9,-167.2,  39.6,0, 501.5, 615.9, 537.5,  -6.5,  -1.7,0,
 14.585, 433.0, 252.4, 560.3,-112.3,  26.2,0, 499.0, 616.1, 537.5,   2.2,   0.5,0,
 14.652, 436.5, 252.0, 560.0,  -6.4,  -5.5,0, 505.0, 615.7, 537.2,  -5.7,  -3.8,0,
 14.719, 433.5, 252.5, 560.3,   7.0,   4.9,0, 502.0, 615.8, 537.4,   1.8,   2.7,0,
 14.789, 429.0, 251.9, 560.4,  -8.0,   1.3,0, 508.0, 615.8, 537.6,   0.2,   1.8,0,
 14.852, 433.5, 252.0, 560.7,   1.7,   4.2,0, 508.0, 615.7, 537.6,  -2.1,   1.3,0,
 14.919, 441.0, 252.2, 560.5,   2.6,  -2.4,0, 508.5, 616.1, 537.5,   5.7,  -2.3,0,
 14.985, 422.5, 253.0, 560.6,  12.1,   2.3,0, 504.0, 615.7, 537.6,  -6.2,   1.7,0,
 15.052, 420.5, 254.8, 560.5,  27.1,  -2.6,0, 502.0, 616.2, 537.7,   8.5,   1.1,0,
 15.122, 442.0, 255.5, 559.3,  10.7, -16.5,0, 503.5, 615.9, 537.6,  -4.9,  -1.6,0,
 15.185, 467.5, 257.3, 559.2,  27.3,  -1.3,0, 502.5, 616.2, 537.6,   5.3,   0.7,0,
 15.252, 445.5, 259.5, 559.9,  33.2,   9.3,0, 505.0, 615.6, 537.4,  -8.9,  -2.2,0,
 15.318, 450.5, 262.4, 559.1,  44.3, -11.7,0, 505.5, 616.2, 537.6,   8.7,   2.5,0,
 15.385, 453.0, 267.4, 559.4,  75.3,   4.6,0, 509.5, 615.9, 537.5,  -4.3,  -1.4,0,
 15.455, 417.5, 272.4, 560.0,  70.4,   9.2,0, 511.0, 615.9, 537.5,  -0.0,  -0.9,0,
 15.519, 398.0, 277.2, 560.8,  75.0,  12.7,0, 505.5, 615.9, 537.6,  -0.7,   2.0,0,
 15.585, 410.5, 284.7, 562.5, 114.3,  25.1,0, 501.0, 616.2, 537.6,   4.8,   0.4,0,
 15.652, 446.0, 293.2, 565.0, 126.9,  37.7,0, 506.0, 615.8, 537.5,  -6.8,  -1.2,0,
 15.718, 417.5, 301.3, 568.9, 121.6,  58.1,0, 508.0, 615.9, 537.5,   1.6,  -0.1,0,
 15.789, 437.5, 310.7, 571.8, 135.0,  41.5,0, 509.0, 615.7, 537.5,  -2.5,   0.2,0,
 15.852, 433.0, 323.7, 578.1, 205.8, 100.0,0, 512.5, 616.1, 537.5,   7.1,  -0.8,0,
 15.918, 423.0, 335.2, 586.4, 172.0, 125.0,0, 497.0, 616.1, 537.7,  -1.1,   3.1,0,
 15.985, 413.0, 348.6, 596.9, 201.1, 156.7,0, 510.5, 615.8, 537.5,  -4.4,  -2.7,0,
 16.052, 409.0, 360.0, 612.3, 170.9, 231.1,0, 503.5, 616.0, 537.5,   2.9,  -0.8,0,
 16.122, 415.5, 369.6, 627.2, 137.8, 213.3,0, 510.0, 615.9, 537.4,  -0.7,  -0.2,0,
 16.185, 443.5, 377.7, 642.9, 127.1, 247.9,0, 495.5, 616.3, 537.6,   6.3,   1.7,0,
 16.252, 465.0, 384.3, 659.0,  99.0, 240.8,0, 504.0, 615.5, 537.7, -11.6,   2.0,0,
 16.318, 439.5, 393.0, 679.6, 130.6, 310.6,0, 511.5, 615.8, 537.6,   3.3,  -1.2,0,
 16.385, 415.0, 401.6, 700.7, 129.0, 315.4,0, 507.0, 615.8, 537.6,   0.5,  -0.3,0,
 16.455, 465.0, 414.4, 722.3, 182.2, 309.1,0, 503.0, 616.0, 537.7,   2.9,   1.6,0,
 16.518, 455.0, 426.0, 742.7, 184.4, 321.9,0, 496.0, 616.3, 537.3,   5.2,  -5.9,0,
 16.585, 449.5, 441.0, 762.9, 223.9, 303.7,0, 503.0, 616.2, 537.7,  -1.1,   5.5,0,
 16.652, 476.0, 457.9, 780.0, 255.0, 256.2,0, 512.0, 615.8, 537.6,  -6.0,  -1.9,0,
 16.718, 454.5, 477.5, 797.1, 293.5, 256.5,0, 502.0, 616.1, 537.4,   4.3,  -1.8,0,
 16.788, 471.0, 502.0, 811.1, 349.2, 200.2,0, 508.0, 616.0, 537.4,  -2.1,  -0.0,0,
 16.852, 430.5, 527.0, 822.5, 395.2, 180.0,0, 513.0, 616.0, 537.5,   0.1,   1.5,0,
 16.918, 445.0, 555.5, 828.4, 428.2,  88.3,0, 503.5, 616.0, 537.5,  -0.3,  -0.7,0,
 16.985, 449.5, 586.3, 829.5, 461.7,  16.6,0, 509.5, 616.0, 537.5,   0.9,   0.5,0,
 17.052, 486.0, 615.4, 822.5, 437.6,-105.0,0, 502.5, 615.9, 537.6,  -2.3,   1.7,0,
 17.122, 456.5, 643.0, 809.3, 393.2,-188.8,0, 511.0, 616.1, 537.5,   2.9,  -1.5,0,
 17.185, 445.0, 668.8, 789.7, 407.1,-308.9,0, 513.5, 615.8, 537.6,  -4.7,   0.9,0,
 17.251, 450.0, 688.8, 764.2, 300.7,-383.6,0, 506.0, 615.8, 537.5,  -0.6,  -0.8,0,
 17.318, 438.0, 702.4, 735.4, 204.0,-432.0,0, 504.0, 615.6, 537.6,  -1.7,   0.4,0,
 17.385, 416.5, 710.4, 704.3, 119.4,-466.4,0, 509.5, 615.9, 537.5,   4.2,  -1.3,0,
 17.455, 401.5, 713.6, 675.5,  47.0,-411.4,0, 506.0, 615.7, 537.4,  -3.6,  -1.1,0,
 17.551, 386.0, 720.0, 630.9,  65.4,-462.7,0, 502.5, 616.1, 537.4,   4.9,  -0.4,0,
 17.622, 380.5, 727.8, 607.8, 111.2,-328.4,0, 503.0, 616.2, 537.4,   1.2,   0.7,0,
 17.718, 414.0, 739.1, 568.4, 117.9,-409.0,0, 503.0, 616.0, 537.5,  -2.7,   1.2,0,
 17.818, 427.5, 758.1, 533.8, 189.4,-345.9,0, 507.0, 615.7, 537.6,  -2.4,   0.5,0,
 17.886, 448.5, 772.0, 512.0, 205.8,-321.8,0, 507.5, 615.5, 537.6,  -3.3,   1.1,0,
 17.985, 467.5, 796.4, 482.7, 245.9,-296.3,0, 507.0, 615.7, 537.5,   1.9,  -1.8,0,
 18.086, 451.0, 825.5, 454.8, 286.7,-273.7,0, 505.5, 615.9, 537.5,   1.8,   0.0,0,
 18.185, 444.0, 850.0, 424.1, 248.7,-312.1,0, 501.5, 616.3, 537.6,   4.1,   1.4,0,
 18.251, 449.0, 860.7, 404.2, 160.5,-299.2,0, 514.0, 615.9, 537.4,  -5.6,  -2.5,0,
 18.318, 428.0, 863.9, 393.7,  48.6,-158.3,0, 509.5, 615.9, 537.5,  -0.1,   0.8,0,
 18.385, 441.5, 864.2, 392.7,   4.7, -15.1,0, 516.5, 615.8, 537.5,  -0.8,   0.1,0,
 18.456, 418.5, 863.7, 393.4,  -6.8,  10.5,0, 504.0, 616.1, 537.6,   3.4,   1.9,0,
 18.518, 436.0, 863.5, 393.5,  -3.1,   0.9,0, 505.5, 616.0, 537.5,  -0.8,  -2.2,0,
 18.585, 424.5, 863.9, 393.8,   4.8,   5.6,0, 504.5, 616.1, 537.7,   1.0,   2.5,0,
 18.651, 433.0, 863.9, 392.6,   0.8, -18.1,0, 503.5, 615.9, 537.6,  -2.6,  -1.6,0,
 18.718, 427.0, 863.5, 392.6,  -6.0,  -0.1,0, 513.5, 615.8, 537.6,  -1.6,   0.5,0,
 18.788, 423.5, 863.9, 393.2,   6.1,   8.9,0, 507.0, 616.0, 537.5,   3.0,  -1.4,0,
 18.851, 440.0, 864.0, 393.0,   1.4,  -4.3,0, 507.0, 615.6, 537.6,  -5.9,   2.3,0,
 18.918, 415.5, 863.5, 391.7,  -7.1, -18.3,0, 507.0, 616.1, 537.5,   6.8,  -1.4,0,
 18.985, 426.5, 863.9, 393.7,   4.8,  28.9,0, 503.0, 616.3, 537.6,   3.4,   0.5,0,
 19.051, 429.5, 864.1, 393.0,   3.3,  -9.9,0, 506.5, 616.3, 537.6,  -0.0,   0.6,0,
 19.121, 433.0, 864.2, 392.6,   0.9,  -6.5,0, 509.5, 615.9, 537.5,  -5.4,  -1.3,0,
 19.185, 441.0, 863.4, 393.3, -11.1,  11.7,0, 507.0, 615.8, 537.6,  -1.4,   1.6,0,
 19.251, 431.5, 864.0, 393.2,   8.9,  -1.1,0, 514.0, 616.1, 537.5,   3.9,  -2.0,0,
 19.318, 431.0, 864.0, 393.8,  -0.4,   8.7,0, 513.5, 615.9, 537.6,  -3.0,   1.4,0,
 19.385, 416.5, 864.0, 393.8,  -0.3,   0.3,0, 506.0, 615.9, 537.5,  -0.4,  -0.8,0,
 19.455, 430.0, 863.4, 396.1,  -7.9,  31.8,0, 508.5, 615.7, 537.6,  -3.0,   0.6,0,
 19.518, 427.0, 862.8, 397.9, -10.0,  28.7,0, 506.0, 615.8, 537.6,   2.4,   0.3,0,
 19.584, 436.5, 861.2, 399.5, -24.0,  24.7,0, 504.0, 615.7, 537.6,  -1.5,  -0.3,0,
 19.651, 421.0, 861.3, 402.3,   2.0,  41.6,0, 503.0, 615.6, 537.6,  -1.8,   0.4,0,
 19.718, 448.5, 860.2, 405.9, -16.7,  54.0,0, 503.5, 615.5, 537.8,  -1.3,   3.5,0,
 19.788, 442.0, 859.4, 407.4, -12.4,  21.8,0, 508.5, 615.7, 537.7,   2.7,  -1.9,0,
 19.851, 434.5, 858.0, 411.1, -22.1,  58.1,0, 514.0, 616.0, 537.5,   5.5,  -2.6,0,
 19.918, 458.5, 857.2, 414.5, -12.2,  50.5,0, 510.5, 615.8, 537.6,  -4.0,   0.6,0,
 19.984, 452.0, 854.7, 418.8, -37.0,  64.7,0, 513.5, 615.8, 537.6,   0.4,   0.3,0,
 20.051, 442.0, 853.3, 421.3, -21.0,  38.5,0, 509.5, 615.9, 537.5,   2.1,  -1.0,0,
 20.121, 423.0, 853.3, 423.4,   0.5,  29.2,0, 509.5, 615.7, 537.6,  -3.7,   1.7,0,
 20.185, 468.0, 850.7, 428.4, -41.9,  78.6,0, 508.5, 615.7, 537.7,   1.0,   1.0,0,
 20.251, 468.5, 848.9, 430.8, -26.6,  36.8,0, 508.5, 615.7, 537.6,  -0.4,  -1.3,0,
 20.318, 456.5, 847.3, 433.7, -23.6,  43.9,0, 507.5, 615.5, 537.6,  -3.5,  -0.8,0,
 20.384, 470.5, 845.6, 436.2, -26.2,  37.1,0, 505.5, 616.4, 537.5,  13.1,  -0.8,0,
 20.454, 467.0, 843.4, 440.0, -31.5,  54.1,0, 504.5, 616.2, 537.6,  -2.5,   1.6,0,
 20.518, 461.0, 841.6, 442.7, -28.8,  43.2,0, 504.5, 616.3, 537.6,   1.8,  -0.6,0,
 20.584, 483.0, 839.4, 445.5, -31.7,  40.8,0, 509.5, 616.0, 537.6,  -4.4,  -0.1,0,
 20.651, 467.0, 836.5, 448.6, -44.1,  47.3,0, 499.5, 616.2, 537.6,   2.5,   0.8,0,
 20.717, 456.5, 832.9, 452.8, -53.9,  63.3,0, 498.0, 616.1, 537.6,  -0.9,   0.3,0,
 20.788, 459.5, 828.6, 457.0, -61.9,  59.8,0, 504.0, 616.0, 537.6,  -1.8,  -0.7,0,
 20.851, 474.5, 824.4, 462.5, -66.2,  87.2,0, 501.5, 615.7, 537.6,  -4.3,  -0.1,0,
 20.917, 458.0, 821.5, 465.5, -43.8,  44.0,0, 504.5, 615.6, 537.7,  -1.8,   1.5,0,
 20.984, 481.5, 815.3, 471.4, -92.5,  89.6,0, 506.0, 615.8, 537.6,   3.3,  -1.6,0,
 21.051, 456.0, 810.0, 475.0, -80.2,  54.1,0, 512.5, 615.9, 537.5,   1.3,  -1.3,0,
 21.121, 475.5, 804.8, 478.0, -74.1,  41.5,0, 504.0, 615.7, 537.5,  -3.4,  -0.5,0,
 21.184, 466.0, 800.0, 481.5, -75.7,  56.7,0, 503.5, 616.0, 537.8,   5.6,   4.7,0,
 21.251, 453.0, 794.8, 483.9, -78.1,  34.9,0, 505.0, 615.7, 537.6,  -4.5,  -2.6,0,
 21.317, 478.0, 789.3, 486.4, -82.6,  38.5,0, 498.5, 615.6, 537.4,  -1.3,  -2.3,0,
 21.384, 457.0, 784.9, 490.0, -65.3,  54.0,0, 508.5, 615.7, 537.6,   0.5,   2.0,0,
 21.454, 439.5, 778.8, 492.9, -87.6,  40.9,0, 505.5, 616.4, 537.6,  10.4,   0.7,0,
 21.517, 447.0, 771.5, 494.5,-115.6,  26.1,0, 500.5, 616.1, 537.6,  -3.9,  -0.6,0,
 21.585, 465.5, 765.5, 496.5, -88.5,  29.4,0, 506.0, 615.9, 537.5,  -3.0,  -1.4,0,
 21.651, 447.5, 761.6, 497.7, -59.0,  18.7,0, 506.0, 616.3, 537.6,   5.9,   1.4,0,
 21.717, 415.0, 755.3, 499.9, -94.5,  33.0,0, 506.5, 616.0, 537.6,  -5.3,   0.5,0,
 21.789, 440.0, 750.9, 500.0, -62.0,   0.8,0, 513.5, 615.9, 537.6,  -1.1,   0.2,0,
 21.851, 419.5, 743.8, 501.7,-113.6,  28.1,0, 512.0, 615.7, 537.6,  -2.9,  -0.6,0,
 21.917, 442.0, 737.3, 503.0, -98.5,  18.5,0, 504.5, 615.6, 537.8,  -2.2,   2.4,0,
 21.984, 419.0, 731.0, 504.7, -93.6,  26.1,0, 504.5, 615.6, 537.6,  -0.1,  -1.7,0,
 22.051, 436.5, 722.3, 504.1,-130.8,  -9.5,0, 509.5, 615.6, 537.7,   1.1,   0.2,0,
 22.121, 420.0, 716.7, 503.6, -80.5,  -6.5,0, 505.5, 615.9, 537.6,   3.6,  -0.2,0,
 22.184, 435.0, 707.5, 501.6,-145.1, -32.8,0, 509.0, 615.8, 537.6,  -2.1,  -1.3,0,
 22.250, 450.5, 700.5, 499.0,-105.9, -38.8,0, 507.0, 615.8, 537.5,   0.6,  -0.7,0,
 22.317, 462.0, 694.8, 495.0, -85.4, -60.2,0, 510.5, 616.0, 537.6,   3.7,   1.6,0,
 22.384, 443.0, 689.5, 491.0, -79.3, -59.8,0, 502.0, 615.5, 537.5,  -8.2,  -1.8,0,
 22.454, 430.5, 684.5, 486.8, -70.5, -60.1,0, 505.5, 616.2, 537.6,  10.3,   1.7,0,
 22.517, 421.0, 679.0, 481.7, -86.7, -80.5,0, 499.0, 616.1, 537.5,  -1.6,  -2.1,0,
 22.584, 389.0, 676.6, 474.8, -35.9,-103.5,0, 504.5, 616.3, 537.6,   2.5,   1.6,0,
 22.650, 405.5, 672.9, 466.7, -55.6,-121.4,0, 506.0, 615.8, 537.6,  -7.2,   0.0,0,
 22.717, 391.0, 672.6, 461.7,  -4.9, -74.4,0, 513.5, 615.9, 537.5,   0.9,  -1.0,0,
 22.787, 400.0, 672.4, 457.2,  -2.4, -64.2,0, 512.0, 616.1, 537.7,   3.2,   2.4,0,
 22.850, 398.5, 672.0, 450.8,  -7.4,-101.3,0, 507.5, 615.5, 537.6,  -9.5,  -1.6,0,
 22.917, 419.5, 671.9, 443.7,  -0.8,-107.2,0, 508.0, 615.8, 537.6,   4.6,  -0.5,0,
 22.984, 434.0, 672.8, 437.1,  13.2, -98.9,0, 504.0, 616.3, 537.6,   7.6,   0.3,0,
 23.050, 436.5, 676.2, 431.3,  50.9, -87.6,0, 507.0, 615.6, 537.5, -10.8,  -0.8,0,
 23.120, 412.5, 678.9, 427.2,  38.7, -57.7,0, 504.0, 616.0, 537.7,   6.5,   2.1,0,
 23.217, 443.0, 684.4, 419.6,  57.2, -79.0,0, 512.5, 616.1, 537.5,   0.4,  -2.2,0,
 23.288, 448.5, 687.7, 415.5,  45.3, -57.2,0, 508.5, 615.7, 537.6,  -5.1,   2.2,0,
 23.351, 441.0, 691.1, 410.0,  54.8, -87.8,0, 504.5, 616.1, 537.6,   6.0,  -0.6,0,
 23.417, 438.0, 694.4, 405.5,  50.3, -68.9,0, 506.5, 615.5, 537.6,  -8.4,  -0.2,0,
 23.485, 427.0, 697.5, 400.3,  45.7, -75.9,0, 505.0, 616.1, 537.6,   9.2,   0.9,0,
 23.550, 440.0, 700.6, 395.2,  46.5, -78.8,0, 504.0, 615.4, 537.6, -11.1,  -0.4,0,
 23.620, 413.5, 703.8, 392.1,  46.7, -43.2,0, 510.5, 615.7, 537.6,   4.4,  -0.6,0,
 23.685, 432.0, 706.2, 387.6,  37.0, -70.4,0, 511.0, 615.7, 537.6,  -0.1,   1.2,0,
 23.750, 437.5, 710.5, 381.8,  65.9, -88.8,0, 509.0, 615.8, 537.7,   1.2,   1.3,0,
 23.817, 436.0, 713.1, 376.5,  39.0, -79.5,0, 504.5, 615.7, 537.6,  -1.6,  -2.5,0,
 23.885, 408.0, 716.7, 371.5,  52.8, -73.9,0, 506.5, 615.6, 537.5,  -0.7,  -0.3,0,
 23.954, 440.0, 718.8, 367.3,  30.5, -60.4,0, 513.0, 615.8, 537.6,   1.9,   1.4,0,
 24.018, 447.0, 721.3, 361.1,  39.6, -97.3,0, 514.0, 615.9, 537.6,   1.4,  -0.5,0,
 24.085, 444.0, 723.7, 357.0,  35.3, -60.6,0, 501.0, 616.1, 537.5,   4.3,  -0.9,0,
 24.150, 414.0, 726.7, 351.7,  46.5, -81.8,0, 508.0, 616.2, 537.7,   1.4,   1.9,0,
 24.217, 438.0, 728.9, 345.5,  32.4, -92.9,0, 513.0, 615.8, 537.6,  -7.1,  -0.7,0,
 24.288, 440.5, 732.1, 340.2,  44.9, -73.7,0, 513.0, 615.8, 537.5,   0.5,  -2.4,0,
 24.350, 410.5, 735.2, 332.8,  50.0,-119.4,0, 505.5, 616.0, 537.5,   3.2,   0.7,0,
 24.417, 447.0, 737.1, 326.7,  28.6, -91.5,0, 501.5, 616.0, 537.7,   0.2,   2.6,0,
 24.484, 424.5, 739.8, 321.2,  39.5, -81.9,0, 513.5, 615.8, 537.6,  -3.3,  -1.2,0,
 24.550, 419.5, 740.8, 315.1,  15.2, -92.8,0, 509.0, 615.7, 537.4,  -1.2,  -2.2,0,
 24.621, 427.0, 743.3, 308.5,  34.9, -93.4,0, 513.5, 615.9, 537.8,   2.0,   5.4,0,
 24.686, 404.0, 745.6, 302.4,  35.5, -92.9,0, 505.5, 616.2, 537.6,   5.7,  -3.3,0,
 24.750, 432.0, 746.9, 295.7,  20.2,-104.2,0, 512.0, 615.9, 537.6,  -4.8,  -0.7,0,
 24.817, 429.0, 748.4, 289.2,  22.9, -98.0,0, 510.0, 616.1, 537.6,   2.6,   1.0,0,
 24.884, 416.0, 749.2, 282.4,  11.8,-100.6,0, 503.5, 616.0, 537.6,  -0.8,  -1.1,0,
 24.953, 403.0, 750.0, 276.0,  12.3, -93.0,0, 508.5, 615.7, 537.6,  -4.6,   0.9,0,
 25.017, 397.0, 750.5, 269.2,   7.7,-107.6,0, 515.5, 615.8, 537.7,   1.9,   1.6,0,
 25.084, 402.0, 751.9, 261.1,  20.3,-119.9,0, 507.0, 615.6, 537.7,  -3.4,  -0.4,0,
 25.150, 431.5, 752.6, 255.7,  10.2, -82.4,0, 510.5, 615.7, 537.5,   0.8,  -3.4,0,
 25.217, 447.0, 752.4, 253.3,  -1.6, -35.9,0, 506.0, 615.8, 537.6,   2.9,   2.5,0,
 25.288, 436.0, 752.8, 252.6,   4.7,  -9.6,0, 512.5, 615.7, 537.6,  -2.7,  -0.9,0,
 25.350, 440.5, 753.2, 252.9,   6.9,   4.4,0, 501.5, 616.0, 537.7,   5.6,   2.4,0,
 25.417, 445.0, 753.2, 252.9,   0.2,   0.3,0, 510.0, 616.0, 537.6,  -0.1,  -1.5,0,
 25.484, 439.0, 752.4, 255.2, -12.9,  35.1,0, 505.5, 615.7, 537.6,  -4.3,  -0.5,0,
 25.550, 428.5, 752.1, 258.9,  -3.6,  55.2,0, 508.0, 615.8, 537.6,   1.2,   0.3,0,
 25.620, 403.5, 751.7, 265.5,  -6.0,  94.9,0, 504.5, 615.7, 537.7,  -1.9,   1.2,0,
 25.684, 417.0, 750.1, 272.4, -24.7, 106.8,0, 508.0, 615.7, 537.5,   1.3,  -3.0,0,
 25.750, 412.0, 750.6, 281.0,   8.0, 131.7,0, 504.0, 615.7, 537.7,  -1.0,   2.5,0,
 25.817, 431.0, 751.6, 291.6,  14.0, 158.6,0, 503.5, 615.8, 537.5,   1.4,  -3.1,0,
 25.884, 433.5, 752.9, 301.3,  20.1, 144.0,0, 512.0, 615.9, 537.7,   1.6,   3.8,0,
 25.953, 387.5, 755.6, 308.8,  38.7, 108.5,0, 512.0, 615.7, 537.6,  -2.8,  -2.3,0,
 26.016, 410.5, 756.5, 317.8,  14.3, 141.5,0, 507.0, 615.9, 537.6,   3.1,  -0.1,0,
 26.084, 428.0, 759.4, 327.5,  42.7, 143.9,0, 517.5, 615.9, 537.6,   0.9,   0.2,0,
 26.150, 439.5, 763.2, 336.8,  57.5, 141.2,0, 507.0, 615.8, 537.5,  -1.6,  -0.4,0,
 26.216, 454.5, 766.7, 345.3,  52.9, 127.2,0, 503.5, 616.1, 537.6,   3.7,   0.9,0,
 26.288, 440.5, 771.7, 352.6,  70.4, 103.1,0, 508.0, 615.9, 537.5,  -2.0,  -1.5,0,
 26.350, 439.0, 776.4, 361.6,  75.1, 144.5,0, 507.5, 615.9, 537.7,  -0.2,   3.8,0,
 26.416, 439.0, 783.6, 370.2, 109.1, 129.7,0, 514.5, 615.9, 537.7,  -0.1,  -0.0,0,
 26.484, 455.5, 791.5, 378.8, 116.8, 127.1,0, 510.5, 615.6, 537.5,  -5.0,  -3.2,0,
 26.550, 446.5, 798.4, 385.7, 104.7, 105.0,0, 505.5, 615.8, 537.5,   3.2,   0.2,0,
 26.620, 456.0, 806.0, 392.4, 108.8,  94.8,0, 498.0, 616.1, 537.7,   5.1,   2.2,0,
 26.684, 466.5, 816.1, 398.5, 157.4,  94.8,0, 511.5, 615.8, 537.6,  -6.1,  -1.5,0,
 26.750, 446.0, 825.8, 404.0, 147.1,  84.7,0, 510.5, 615.8, 537.6,   0.3,  -0.4,0,
 26.816, 461.0, 836.1, 409.2, 155.1,  78.1,0, 503.0, 616.0, 537.5,   3.5,  -0.2,0,
 26.884, 442.5, 847.0, 412.6, 161.0,  50.5,0, 512.0, 615.8, 537.7,  -3.2,   2.3,0,
 26.953, 443.5, 856.6, 416.2, 138.2,  51.0,0, 505.5, 615.9, 537.7,   1.1,  -0.4,0,
 27.016, 440.5, 867.9, 418.5, 178.3,  36.8,0, 510.5, 615.8, 537.6,  -1.6,  -1.7,0,
 27.084, 427.0, 880.2, 420.2, 183.2,  25.9,0, 503.5, 616.3, 537.6,   7.5,  -0.2,0,
